Element, pos
0, 1006681088
1, 1073757184
2, 1073790976
3, 1107313152
4, 3288384000
5, 1140868096
6, 3305129216
7, 1174422784
8, 3321906688
9, 1191233280
10, 1207977728
11, 1208010752
12, 1087192152
13, 1020085350
14, 1147551875
15, 1087192269
16, 1012417670
17, 1147551949
18, 1100627149
19, 1020085099
20, 1132478669
21, 1087192068
22, 1000817664
23, 1140867482
24, 1100627149
25, 1006912363
26, 1140867277
27, 1087192068
28, 1012417536
29, 1147551949
30, 1100626855
31, 1012417536
32, 1147551949
33, 1100626976
34, 1000817766
35, 1140867482
36, 1087192269
37, 1020085382
38, 1150632346
39, 1100626976
40, 1012417638
41, 1147551949
42, 1087192269
43, 1008747654
44, 1147552154
45, 1100627149
46, 1000817515
47, 1140867482
48, 1109998797
49, 1000817664
50, 1140867482
51, 1100626976
52, 1020085350
53, 1147552255
54, 1109998797
55, 1000817664
56, 1140867482
57, 1107246285
58, 1008747622
59, 1147552154
60, 1100627149
61, 1020085397
62, 1147552255
63, 1046888038
64, 1046889395
65, 1140866611
66, 1046888009
67, 1046889472
68, 1140866611
69, 1046888038
70, 1044988939
71, 1140866662
72, 1073757798
73, 1046889389
74, 1135820390
75, 1046888009
76, 1039942656
77, 1140867072
78, 1073757798
79, 1044988845
80, 1140866662
81, 1046888038
82, 1046889483
83, 1143947264
84, 1073757692
85, 1044988928
86, 1140866662
87, 1046888038
88, 1039942667
89, 1140867072
90, 1073757692
91, 1020085248
92, 1140867150
93, 1087192269
94, 1039942528
95, 1140867072
96, 1087192269
97, 1046889344
98, 1135427584
99, 1073757798
100, 1020085165
101, 1132478669
102, 1087192678
103, 1046889268
104, 1143947264
105, 1078869197
106, 1039942656
107, 1140867072
108, 1073757798
109, 1046889519
110, 1147551762
111, 1078869197
112, 1046889472
113, 1147551762
114, 1082342605
115, 1020085350
116, 1140867150
117, 1082342605
118, 1046889574
119, 1147551762
120, 1087192678
121, 1020085432
122, 1149649101
123, 1082342605
124, 1046889574
125, 1152925901
126, 1087192678
127, 1020085044
128, 1132478669
129, 1100627558
130, 1046889268
131, 1127498138
132, 1087192269
133, 1020085120
134, 1131102618
135, 1087192678
136, 1046889656
137, 1153450394
138, 1087192269
139, 1046889606
140, 1153450394
141, 1100627149
142, 1020085397
143, 1149649101
144, 1100627558
145, 1020085044
146, 1131102618
147, 1109998797
148, 1046889472
149, 1140867683
150, 1100627558
151, 1020085044
152, 1140867625
153, 1113800294
154, 1020085248
155, 1140867625
156, 1112882790
157, 1020085350
158, 1140867625
159, 1107246285
160, 1046889574
161, 1147552341
162, 1112882790
163, 1020085350
164, 1147552255
165, 1100627149
166, 1046889621
167, 1153450394
168, 1112882790
169, 1020085350
170, 1150632346
171, 1020084224
172, 1073758908
173, 1127431139
174, 1020083964
175, 1073759027
176, 1127431139
177, 999440384
178, 1053836288
179, 1140866253
180, 1020083964
181, 1073759027
182, 1127431139
183, 1020083920
184, 1073759232
185, 1140865938
186, 1020084224
187, 1053836365
188, 1140866253
189, 1046888448
190, 1073758839
191, 1119632589
192, 1020083964
193, 1047544627
194, 1127431782
195, 1046888448
196, 1056719479
197, 1127431373
198, 1046888038
199, 1053836211
200, 1140866253
201, 1043545702
202, 1046889472
203, 1135820390
204, 1046888048
205, 1053836083
206, 1140866253
207, 1046888048
208, 1056719667
209, 1127431373
210, 1020083920
211, 1046889472
212, 1140866611
213, 1046888440
214, 1046889574
215, 1141587558
216, 1020083920
217, 1073234944
218, 1147551334
219, 1043545702
220, 1053836288
221, 1140866253
222, 1046233088
223, 1073235046
224, 1147551334
225, 1020083920
226, 1073759232
227, 1145912525
228, 1046233088
229, 1073759334
230, 1147551324
231, 1046888448
232, 1073235048
233, 1147551334
234, 1073758208
235, 1073758946
236, 1115111014
237, 1046888048
238, 1057047347
239, 1127432192
240, 1073758208
241, 1047544546
242, 1127431782
243, 1046888048
244, 1046889267
245, 1135427584
246, 1073757953
247, 1046889267
248, 1135820390
249, 1073757798
250, 1047544749
251, 1127431782
252, 1048657920
253, 1046889574
254, 1141587558
255, 1046888440
256, 1073759334
257, 1147551361
258, 1073758208
259, 1046889557
260, 1141587558
261, 1073758208
262, 1046889557
263, 1143947264
264, 1046888038
265, 1073234955
266, 1147551334
267, 1046888448
268, 1073759336
269, 1147551361
270, 1073758208
271, 1057047266
272, 1127432192
273, 1081688064
274, 1057047347
275, 1127432192
276, 1087193088
277, 1073759102
278, 1127432313
279, 1073757953
280, 1046889267
281, 1135427584
282, 1087193088
283, 1046889342
284, 1135427584
285, 1087192678
286, 1073759028
287, 1132347597
288, 1073758208
289, 1046889557
290, 1147551762
291, 1073757798
292, 1073759279
293, 1147551853
294, 1074937446
295, 1073759334
296, 1146437632
297, 1074937446
298, 1073759334
299, 1147551853
300, 1087193088
301, 1046889591
302, 1152925901
303, 1074937446
304, 1073759334
305, 1148666061
306, 1087193088
307, 1046889342
308, 1127497933
309, 1100627968
310, 1073759136
311, 1134576026
312, 1087192678
313, 1046889268
314, 1127498138
315, 1087193088
316, 1073759351
317, 1148535194
318, 1087192678
319, 1073759416
320, 1148535194
321, 1100627558
322, 1046889664
323, 1152925901
324, 1100627968
325, 1046889376
326, 1127498138
327, 1113800294
328, 1073759232
329, 1140867567
330, 1100627968
331, 1046889376
332, 1140867683
333, 1106198528
334, 1046889472
335, 1140867683
336, 1102659584
337, 1046889574
338, 1140867683
339, 1112882790
340, 1073759334
341, 1147552185
342, 1102659584
343, 1046889574
344, 1147552341
345, 1100627558
346, 1073759424
347, 1148535194
348, 1102659584
349, 1046889574
350, 1153450394
351, 1020084224
352, 1087193788
353, 1121205453
354, 1008484557
355, 1073759027
356, 1127431139
357, 1020084224
358, 1087193788
359, 1127431196
360, 1008484557
361, 1087193907
362, 1140866003
363, 1004748800
364, 1073759027
365, 1127431139
366, 1003700429
367, 1073759232
368, 1140865938
369, 999440384
370, 1087194112
371, 1140866003
372, 1020084429
373, 1073759301
374, 1145912525
375, 999440384
376, 1087194112
377, 1145388237
378, 1020084429
379, 1073758932
380, 1119632589
381, 1046888653
382, 1087193733
383, 1116028518
384, 1020084224
385, 1073758908
386, 1115111014
387, 1046233088
388, 1087194214
389, 1147420262
390, 1046888470
391, 1073759334
392, 1147551324
393, 1020084224
394, 1087194189
395, 1147420262
396, 1020084224
397, 1087194189
398, 1145388237
399, 1046888653
400, 1073759332
401, 1147551324
402, 1046888470
403, 1073759334
404, 1147682406
405, 1046888653
406, 1073758853
407, 1115111014
408, 1073758413
409, 1087193876
410, 1125400576
411, 1046888448
412, 1073758839
413, 1122123776
414, 1046888470
415, 1073759334
416, 1146437632
417, 1048657920
418, 1075201126
419, 1147551334
420, 1046888653
421, 1073759332
422, 1146437632
423, 1046888653
424, 1087194212
425, 1143947264
426, 1073758208
427, 1075201109
428, 1147551334
429, 1048657920
430, 1073759334
431, 1147682406
432, 1073758413
433, 1073758996
434, 1122123776
435, 1081688064
436, 1087193907
437, 1127432225
438, 1073758413
439, 1073758996
440, 1127432313
441, 1087193191
442, 1073759232
443, 1127432313
444, 1087193088
445, 1080509310
446, 1140867277
447, 1079263437
448, 1073759232
449, 1127432313
450, 1079263437
451, 1087194112
452, 1127432225
453, 1081688064
454, 1087193907
455, 1140867156
456, 1087193191
457, 1076118528
458, 1147551949
459, 1079263437
460, 1076118528
461, 1147551949
462, 1073758208
463, 1087194197
464, 1140867156
465, 1073758208
466, 1087194197
467, 1143947264
468, 1073758208
469, 1076118613
470, 1147551949
471, 1080901632
472, 1073759334
473, 1147551853
474, 1087193124
475, 1073759334
476, 1148666061
477, 1100628044
478, 1080509440
479, 1140867277
480, 1087193088
481, 1073759102
482, 1134576026
483, 1100628044
484, 1073759232
485, 1132347597
486, 1087193191
487, 1078739968
488, 1140867482
489, 1087193124
490, 1076118630
491, 1147551949
492, 1100628044
493, 1075594240
494, 1147552154
495, 1087193124
496, 1075594342
497, 1147552154
498, 1100627968
499, 1073759349
500, 1148666061
501, 1087193124
502, 1073759334
503, 1148535194
504, 1100628044
505, 1073759232
506, 1134576026
507, 1106198528
508, 1075594240
509, 1147552154
510, 1100628044
511, 1073759232
512, 1140867567
513, 1102659584
514, 1075594342
515, 1147552154
516, 1106198528
517, 1075594240
518, 1147552154
519, 1102659584
520, 1073759334
521, 1148535194
522, 1008484557
523, 1087193907
524, 1121205453
525, 1020084534
526, 1087193907
527, 1140866003
528, 1008484557
529, 1094075187
530, 1127431373
531, 1020084572
532, 1087194112
533, 1140866003
534, 1020084534
535, 1087193907
536, 1140866003
537, 1020084572
538, 1087194112
539, 1145388237
540, 1046888834
541, 1094075187
542, 1127431373
543, 1020084429
544, 1087193812
545, 1116028518
546, 1046888834
547, 1087193907
548, 1121205453
549, 1020084534
550, 1099055923
551, 1127431782
552, 1020084572
553, 1096565760
554, 1140866253
555, 1046888834
556, 1100038963
557, 1140866662
558, 1020084572
559, 1100039168
560, 1140866662
561, 1046888653
562, 1087194212
563, 1145388237
564, 1020084572
565, 1087194112
566, 1147420262
567, 1073758446
568, 1099055923
569, 1127431782
570, 1046888653
571, 1087193733
572, 1125400576
573, 1073758446
574, 1087193907
575, 1116028518
576, 1046888834
577, 1089356595
578, 1127432192
579, 1046888849
580, 1100039168
581, 1140866662
582, 1073758446
583, 1092436787
584, 1140867072
585, 1046888849
586, 1092436992
587, 1140867072
588, 1073758413
589, 1087194159
590, 1147420262
591, 1046888849
592, 1087194112
593, 1143947264
594, 1073758446
595, 1087193907
596, 1125400576
597, 1075921101
598, 1092436787
599, 1140867072
600, 1073758446
601, 1087193907
602, 1127432225
603, 1079263437
604, 1092436992
605, 1140867072
606, 1075921101
607, 1092436787
608, 1140867072
609, 1079263437
610, 1087194112
611, 1143947264
612, 1020084838
613, 1113998409
614, 1147550842
615, 1020084795
616, 1113998438
617, 1147550842
618, 1020084838
619, 1111180421
620, 1147550925
621, 1020084838
622, 1111180361
623, 1147550925
624, 1036730982
625, 1111180390
626, 1147550925
627, 1020084838
628, 1113998469
629, 1147551179
630, 979780403
631, 1127433304
632, 1147550243
633, 979780376
634, 1127433318
635, 1147550243
636, 979780403
637, 1125663865
638, 1147550310
639, 1020085043
640, 1127433146
641, 1140866073
642, 1020084932
643, 1125663744
644, 1147550310
645, 1014645350
646, 1113998438
647, 1145650381
648, 979780403
649, 1125663832
650, 1147550310
651, 1020084838
652, 1127433289
653, 1146632806
654, 1020084838
655, 1120158793
656, 1140866253
657, 979780403
658, 1120158808
659, 1140866253
660, 1008288563
661, 1113998336
662, 1147550842
663, 1020084878
664, 1113998541
665, 1149582541
666, 979780376
667, 1116619878
668, 1154301133
669, 1014645350
670, 1125663846
671, 1147550310
672, 991314739
673, 1116619981
674, 1154301133
675, 979780376
676, 1127433318
677, 1148795494
678, 991314739
679, 1127433421
680, 1154300694
681, 1020085043
682, 1116620048
683, 1154301133
684, 1046889267
685, 1127433211
686, 1136278733
687, 1020084932
688, 1126843392
689, 1140866662
690, 1046889267
691, 1120158715
692, 1140866253
693, 1036730982
694, 1120158822
695, 1140866253
696, 1020084838
697, 1113998409
698, 1147551179
699, 1046889069
700, 1120158822
701, 1140866253
702, 1046889069
703, 1126843494
704, 1140866662
705, 1020084932
706, 1113998336
707, 1149582541
708, 1046889069
709, 1113998438
710, 1147551179
711, 1020084838
712, 1116619909
713, 1154301133
714, 1046889069
715, 1116619878
716, 1154301133
717, 1046889161
718, 1114457293
719, 1147551334
720, 1020085043
721, 1127433488
722, 1156791910
723, 1046889161
724, 1116619981
725, 1154301133
726, 1020085043
727, 1120486672
728, 1154301542
729, 1046889267
730, 1126843387
731, 1140866662
732, 1047610163
733, 1126843392
734, 1140866662
735, 1046889069
736, 1127433318
737, 1147551675
738, 1047610163
739, 1126843392
740, 1140866662
741, 1069237043
742, 1114457190
743, 1147551334
744, 1046889161
745, 1127433421
746, 1154301708
747, 1069237043
748, 1114457190
749, 1147551334
750, 1057768243
751, 1120486605
752, 1154301542
753, 1046889267
754, 1127433459
755, 1154301708
756, 975389491
757, 1127433318
758, 1146632806
759, 979780464
760, 1127433318
761, 1147550243
762, 979780464
763, 1127433318
764, 1148795494
765, 1020085043
766, 1140868026
767, 1140669645
768, 1019560960
769, 1127433216
770, 1140866073
771, 1020085043
772, 1140868026
773, 1140866245
774, 979780403
775, 1140868184
776, 1147550355
777, 979780464
778, 1127433318
779, 1146632806
780, 1008288563
781, 1140868096
782, 1147550355
783, 1008288563
784, 1140868096
785, 1140866245
786, 982729728
787, 1131431014
788, 1147550310
789, 991314739
790, 1127433421
791, 1148795494
792, 979780464
793, 1140868198
794, 1147550355
795, 991314739
796, 1140868301
797, 1147550355
798, 1004946432
799, 1127433421
800, 1154300694
801, 991314739
802, 1140868301
803, 1154300902
804, 1020085248
805, 1127433465
806, 1158692045
807, 991314739
808, 1140868301
809, 1157184717
810, 1046889281
811, 1140868096
812, 1140866272
813, 1020085248
814, 1128350717
815, 1140866662
816, 1020085248
817, 1127433213
818, 1140538982
819, 1046889267
820, 1140868091
821, 1140669645
822, 1020085043
823, 1140868026
824, 1140866272
825, 1046889281
826, 1140868096
827, 1142111846
828, 1020085248
829, 1140868345
830, 1154760294
831, 1020085043
832, 1140868368
833, 1154760294
834, 1046889267
835, 1127433459
836, 1158692045
837, 1046889281
838, 1127433216
839, 1140538982
840, 1047610163
841, 1140868096
842, 1142111846
843, 1046889281
844, 1127433216
845, 1140866673
846, 1046889472
847, 1127433235
848, 1140866673
849, 1064125440
850, 1140868198
851, 1147551597
852, 1047610163
853, 1127433216
854, 1147551675
855, 1064125440
856, 1127433318
857, 1147551675
858, 1048986624
859, 1127433421
860, 1147551675
861, 1057768243
862, 1140868301
863, 1154301574
864, 1048986624
865, 1127433421
866, 1154301708
867, 1046889267
868, 1140868339
869, 1154760294
870, 1048986624
871, 1127433421
872, 1156791910
873, 1019560960
874, 1140868096
875, 1140669645
876, 1020085250
877, 1140868096
878, 1147550355
879, 1019560960
880, 1140999168
881, 1140866253
882, 1020085336
883, 1140868198
884, 1147550355
885, 1020085250
886, 1140868096
887, 1154300902
888, 982729728
889, 1146635366
890, 1147550925
891, 1020085294
892, 1140868301
893, 1154300902
894, 1020085336
895, 1140868198
896, 1154300902
897, 1020085294
898, 1140868301
899, 1157184717
900, 1020085250
901, 1140868096
902, 1140669645
903, 1021330432
904, 1140868096
905, 1140866272
906, 1046889472
907, 1145127955
908, 1147551334
909, 1021330432
910, 1145127936
911, 1147551334
912, 1020085250
913, 1140999168
914, 1140866253
915, 1046889537
916, 1146635366
917, 1147550925
918, 1020085336
919, 1145128038
920, 1147551334
921, 1020085294
922, 1143882957
923, 1154301133
924, 1046889537
925, 1141392486
926, 1154301542
927, 1020085294
928, 1141392589
929, 1154301542
930, 1046889472
931, 1140868308
932, 1157184717
933, 1020085294
934, 1140868301
935, 1154760294
936, 1046889537
937, 1140868198
938, 1142111846
939, 1064125440
940, 1141392486
941, 1154301542
942, 1046889537
943, 1140868198
944, 1147551597
945, 1048986624
946, 1141392589
947, 1154301542
948, 1064125440
949, 1141392486
950, 1154301542
951, 1048986624
952, 1140868301
953, 1154760294
954, 1020085248
955, 1142441106
956, 1147551334
957, 1020085280
958, 1142965453
959, 1154301133
960, 1046889496
961, 1146045542
962, 1154301542
963, 1020085280
964, 1146045645
965, 1154301542
966, 1046889472
967, 1140868402
968, 1157381325
969, 1020085280
970, 1140868301
971, 1160920678
972, 1046889496
973, 1140868198
974, 1145978470
975, 1055933440
976, 1146045542
977, 1154301542
978, 1046889496
979, 1140868198
980, 1147551472
981, 1072579584
982, 1146045645
983, 1154301542
984, 1055933440
985, 1146045542
986, 1154301542
987, 1072579584
988, 1140868301
989, 1160920678
990, 1073759256
991, 1144341709
992, 1160986214
993, 1046889557
994, 1144341709
995, 1160986214
996, 1067992064
997, 1140868403
998, 1164459622
999, 1073759256
1000, 1140868301
1001, 1152204800
1002, 1076708352
1003, 1142441165
1004, 1154301952
1005, 1076708352
1006, 1140868301
1007, 1157775360
1008, 1046889529
1009, 1142768742
1010, 1154301133
1011, 1020085340
1012, 1142768742
1013, 1154301133
1014, 1035092992
1015, 1140868301
1016, 1156005069
1017, 1046889529
1018, 1140868198
1019, 1141980774
1020, 1061569536
1021, 1144603750
1022, 1147551334
1023, 1061569536
1024, 1140868198
1025, 1152859750
1026, 1046889531
1027, 1142965350
1028, 1154301133
1029, 1020085340
